,Stimulus Id,Condition,ViewpointDifference,LogProbability,LogProbability_best,LogProbability_weighted,LogProbability_weighted_best,LogProbability_Image
0,s1,inter,0.0,-3.34924245295,-0.441669735479,-3.24286789728,-0.244832335796,-2.83204373312
1,s1,inter,15.0,-3.286864879,-0.435789756056,-3.18934154791,-0.227160488598,-2.71064494847
2,s1,inter,30.0,-3.08867913382,-0.443826893634,-2.98283207889,-0.214310282525,-2.50847348955
3,s1,inter,45.0,-2.93589419782,-0.42149845848,-2.81700164255,-0.197179506987,-2.22586712042
4,s1,inter,60.0,-2.96131074052,-0.437972399175,-2.85067209651,-0.287275953441,-2.27347789672
5,s1,inter,75.0,-3.02277524459,-0.492331232989,-2.90152648409,-0.319132199318,-2.1984809222
6,s1,inter,90.0,-3.05844561494,-0.551544504368,-2.9473863385,-0.33744799627,-2.37794594654
7,s1,extra,0.0,-3.34924245295,-0.441669735479,-3.24286789728,-0.244832335796,-2.83204373312
8,s1,extra,15.0,-3.40391170257,-0.52898393561,-3.32439813307,-0.313514381717,-2.93448606357
9,s1,extra,30.0,-3.38692660872,-0.644230733301,-3.32015148497,-0.385212457549,-2.93157368958
10,s1,extra,45.0,-3.32624364176,-0.733039388067,-3.24416363041,-0.428001809097,-2.73544660023
11,s1,extra,60.0,-3.27865650208,-0.747963957684,-3.18218052176,-0.448683642928,-2.56306399234
12,s1,extra,75.0,-3.22807523242,-0.882083569307,-3.1304332894,-0.494312580162,-2.48952762532
13,s1,extra,90.0,-3.17473012556,-0.991920859961,-3.07254530954,-0.477229363877,-2.46133418757
14,s1,ortho,0.0,-3.34924245295,-0.441669735479,-3.24286789728,-0.244832335796,-2.83204373312
15,s1,ortho,15.0,-3.44635374891,-0.572808412181,-3.33852206705,-0.299348435747,-2.88885666717
16,s1,ortho,30.0,-3.36946587406,-0.698027614382,-3.26014932969,-0.336111925434,-2.69366082177
17,s1,ortho,45.0,-3.20454316793,-0.882662398268,-3.10118536861,-0.588251432346,-2.43336513785
18,s1,ortho,60.0,-2.95584422232,-0.848310059891,-2.85779165983,-0.383143297093,-2.22254404427
19,s1,ortho,75.0,-2.81419116461,-0.943323666327,-2.69342818643,-0.424410139515,-2.06252230486
20,s1,ortho,90.0,-2.82259045373,-0.916127345972,-2.68999263939,-0.416190062784,-2.22197710654
0,s2,inter,0.0,-3.68081677821,-1.18978228794,-3.54320303906,-0.522345116805,-3.05449089407
1,s2,inter,15.0,-3.60834699497,-1.10478923197,-3.49142356959,-0.532744132476,-2.97101516573
2,s2,inter,30.0,-3.48325526707,-1.02935834949,-3.41371991084,-0.538828073688,-2.75005006126
3,s2,inter,45.0,-3.34797945842,-0.951099596906,-3.3183569923,-0.560630521711,-2.49966637004
4,s2,inter,60.0,-3.20491080846,-0.889467362853,-3.1583434446,-0.561163715143,-2.47905440309
5,s2,inter,75.0,-3.10937181034,-0.933183050034,-3.05240234321,-0.633791048371,-2.4891167694
6,s2,inter,90.0,-2.97604390736,-0.941384259684,-2.92312094499,-0.665755943011,-2.38348616858
7,s2,extra,0.0,-3.68081677821,-1.18978228794,-3.54320303906,-0.522345116805,-3.05449089407
8,s2,extra,15.0,-3.71896184848,-1.2873535221,-3.58937452059,-0.515830825329,-3.07773620586
9,s2,extra,30.0,-3.70598502087,-1.36622074308,-3.59804412302,-0.533221471431,-3.06197111637
10,s2,extra,45.0,-3.64252815867,-1.41973297934,-3.53933543737,-0.597919489178,-3.03918117292
11,s2,extra,60.0,-3.55958572217,-1.55677031002,-3.46329541434,-0.743871340992,-2.89613873611
12,s2,extra,75.0,-3.44107766421,-1.59750445298,-3.33619903142,-0.922147747812,-2.72392053209
13,s2,extra,90.0,-3.3311277034,-1.60663122449,-3.26239654831,-1.00929876039,-2.67728576202
14,s2,ortho,0.0,-3.68081677821,-1.18978228794,-3.54320303906,-0.522345116805,-3.05449089407
15,s2,ortho,15.0,-3.61820506675,-1.18599136877,-3.49808606578,-0.444885295143,-2.94555687868
16,s2,ortho,30.0,-3.51656982836,-1.25031290829,-3.44069663271,-0.577528226542,-2.82283921136
17,s2,ortho,45.0,-3.34285189605,-1.46782085011,-3.30910058025,-1.1149111871,-2.5847548669
18,s2,ortho,60.0,-2.90814952459,-1.23210464242,-2.83246243548,-0.753561967974,-2.18853229708
19,s2,ortho,75.0,-2.75632004494,-1.20094665595,-2.68155894515,-0.770531966133,-2.02428053106
20,s2,ortho,90.0,-2.70862490073,-1.21546001117,-2.60097307492,-0.737981942171,-2.01632864225
0,s3,inter,0.0,-3.0391850315,-0.248572609133,-3.04323571474,-0.16885138393,-2.46766096893
1,s3,inter,15.0,-3.03182567337,-0.233215788614,-3.04255527373,-0.196368194405,-2.46205549657
2,s3,inter,30.0,-2.99714296235,-0.228559012395,-3.0034165789,-0.240315790319,-2.45753400578
3,s3,inter,45.0,-2.9457272606,-0.223886935745,-2.94681599918,-0.238727169945,-2.42838218611
4,s3,inter,60.0,-2.86550362672,-0.213538822173,-2.86848194481,-0.199337823944,-2.24272806914
5,s3,inter,75.0,-2.70922150953,-0.197947878292,-2.71329014858,-0.165652179508,-1.99347971406
6,s3,inter,90.0,-2.5441635718,-0.201701791517,-2.54836457982,-0.174774987936,-1.73815962081
7,s3,extra,0.0,-3.0391850315,-0.248572609133,-3.04323571474,-0.16885138393,-2.46766096893
8,s3,extra,15.0,-3.02138008374,-0.297726676333,-3.01472088985,-0.162238929593,-2.44718142455
9,s3,extra,30.0,-3.00195397085,-0.333720706803,-2.99488092797,-0.168207083992,-2.43109258205
10,s3,extra,45.0,-2.98646034107,-0.373968866899,-2.98488851741,-0.180289957812,-2.49943431342
11,s3,extra,60.0,-2.87639093358,-0.397161104688,-2.88317634758,-0.229184152656,-2.45523928986
12,s3,extra,75.0,-2.76488084531,-0.415231113477,-2.78477090522,-0.264771139997,-2.36326935519
13,s3,extra,90.0,-2.60759296698,-0.398545571394,-2.62610904214,-0.278795390167,-2.16439421885
14,s3,ortho,0.0,-3.0391850315,-0.248572609133,-3.04323571474,-0.16885138393,-2.46766096893
15,s3,ortho,15.0,-3.12005417681,-0.30020744813,-3.11268963787,-0.172619891137,-2.52505464034
16,s3,ortho,30.0,-3.12347798221,-0.331359840095,-3.11211628696,-0.216333335892,-2.52090629674
17,s3,ortho,45.0,-3.05048441998,-0.379232066367,-3.03891918482,-0.221285441399,-2.30189501137
18,s3,ortho,60.0,-2.77460245252,-0.296003150427,-2.77046005381,-0.148638450016,-1.96039665462
19,s3,ortho,75.0,-2.55519547699,-0.286792991111,-2.55730220126,-0.124098412552,-1.69783335432
20,s3,ortho,90.0,-2.38871808284,-0.251124910016,-2.39124871195,-0.122472469924,-1.49681900728
0,s4,inter,0.0,-3.06698811886,-0.369865145409,-3.04986291682,-0.131567402659,-2.07206451378
1,s4,inter,15.0,-2.94958564867,-0.327132000624,-2.92206276537,-0.090352580541,-2.06240387411
2,s4,inter,30.0,-2.88163743166,-0.31205230604,-2.84271350112,-0.0639154503661,-2.07383886089
3,s4,inter,45.0,-2.96813011564,-0.314405724064,-2.94869175156,-0.0760659237104,-2.07520312087
4,s4,inter,60.0,-3.12019849721,-0.311674067139,-3.10640005436,-0.10298259246,-2.15031992917
5,s4,inter,75.0,-3.34044898295,-0.362983708039,-3.31652894269,-0.155901514888,-2.34514499137
6,s4,inter,90.0,-3.54005554147,-0.412130059861,-3.50136504801,-0.204192777972,-2.50838692479
7,s4,extra,0.0,-3.06698811886,-0.369865145409,-3.04986291682,-0.131567402659,-2.07206451378
8,s4,extra,15.0,-3.19405363828,-0.40039449444,-3.17887120153,-0.138250030931,-2.10372248343
9,s4,extra,30.0,-3.35071534471,-0.483010992138,-3.34218571058,-0.200799789443,-2.1263552111
10,s4,extra,45.0,-3.56630171912,-0.703563628605,-3.55480018856,-0.27616866591,-2.32301535414
11,s4,extra,60.0,-3.71364061689,-0.845930757725,-3.69603822594,-0.31660580312,-2.3644527786
12,s4,extra,75.0,-3.74458866051,-0.864112865821,-3.72087380176,-0.299624264258,-2.36868647614
13,s4,extra,90.0,-3.65648308861,-0.859105145651,-3.62401451488,-0.30879050544,-2.43535057308
14,s4,ortho,0.0,-3.06698811886,-0.369865145409,-3.04986291682,-0.131567402659,-2.07206451378
15,s4,ortho,15.0,-3.14391522965,-0.465993283616,-3.15626087389,-0.10282272924,-2.09488824516
16,s4,ortho,30.0,-3.26054336415,-0.496517138043,-3.2834032221,-0.132850088413,-2.22506251397
17,s4,ortho,45.0,-3.39013810071,-0.57023991439,-3.42427162602,-0.186234120186,-2.31060122834
18,s4,ortho,60.0,-3.42151780459,-0.565470974142,-3.3956244334,-0.191234416721,-2.46995818339
19,s4,ortho,75.0,-3.48968002138,-0.557664293762,-3.45471104811,-0.213832182702,-2.48675019165
20,s4,ortho,90.0,-3.49429176992,-0.564400019564,-3.42476983727,-0.197017751641,-2.54839449301
0,s5,inter,0.0,-2.88776314663,-1.01492555006,-3.13931033482,-0.752718329634,-2.20894432325
1,s5,inter,15.0,-2.82005742766,-0.921829052048,-3.08188779686,-0.610487290503,-2.18684291951
2,s5,inter,30.0,-2.90130216444,-0.91671327069,-3.16930078766,-0.538145111498,-2.2699666998
3,s5,inter,45.0,-3.07046738715,-0.983678212842,-3.35382999618,-0.642420473195,-2.63868783109
4,s5,inter,60.0,-3.20232828177,-1.00765728199,-3.50336898934,-0.648978595911,-2.81205432522
5,s5,inter,75.0,-3.28693069201,-1.00589976601,-3.57165896685,-0.667841205023,-2.92720295678
6,s5,inter,90.0,-3.41989475362,-1.1953924443,-3.70855160863,-0.748345267394,-2.78905319757
7,s5,extra,0.0,-2.88776314663,-1.01492555006,-3.13931033482,-0.752718329634,-2.20894432325
8,s5,extra,15.0,-3.12426565863,-1.1947764804,-3.39585880394,-1.12098210646,-2.29655645986
9,s5,extra,30.0,-3.47691374889,-1.63242326008,-3.78336756052,-1.68692236803,-2.304859182
10,s5,extra,45.0,-3.75879853523,-2.13382716518,-4.07289622691,-2.36478543774,-2.70440990193
11,s5,extra,60.0,-4.04766583893,-2.65203076205,-4.35583030025,-2.78255880847,-2.96813861694
12,s5,extra,75.0,-4.28142900982,-2.92505727606,-4.59209078127,-2.99762335976,-3.16049908179
13,s5,extra,90.0,-4.43492675054,-3.12079409575,-4.72721704793,-3.27765608192,-3.30240349173
14,s5,ortho,0.0,-2.88776314663,-1.01492555006,-3.13931033482,-0.752718329634,-2.20894432325
15,s5,ortho,15.0,-3.49446480309,-1.38297939758,-3.64350250286,-1.20321919902,-2.5776771208
16,s5,ortho,30.0,-4.13748085133,-2.06507942152,-4.34873103258,-1.93946845614,-2.89813020627
17,s5,ortho,45.0,-4.44716578181,-2.63447410401,-4.67993337622,-2.66553418344,-3.09591411529
18,s5,ortho,60.0,-4.52744015524,-2.91953624888,-4.75453221323,-2.72742259505,-3.35722541689
19,s5,ortho,75.0,-4.50712995004,-3.09736088725,-4.68594605726,-3.13281611279,-3.31222505653
20,s5,ortho,90.0,-4.35000972243,-3.05602265571,-4.57462798752,-3.27223774214,-3.14342008749
0,s6,inter,0.0,-3.41048073488,-0.952809992229,-3.66276291775,-0.782946065208,-3.10473762906
1,s6,inter,15.0,-3.24860469237,-0.852905004557,-3.49593938428,-0.643045141957,-2.85134196824
2,s6,inter,30.0,-3.09628625681,-0.736013780342,-3.32929804595,-0.574629718127,-2.86066084621
3,s6,inter,45.0,-2.81792971529,-0.62258479141,-3.0681136943,-0.529689498528,-2.6148357587
4,s6,inter,60.0,-2.74033155465,-0.659739633346,-2.93541041117,-0.467483372321,-2.51577537382
5,s6,inter,75.0,-2.59115275077,-0.74308929212,-2.79125835394,-0.416214982415,-2.41731613745
6,s6,inter,90.0,-2.49654058217,-0.829835127037,-2.71461028118,-0.453507680212,-2.36814890585
7,s6,extra,0.0,-3.41048073488,-0.952809992229,-3.66276291775,-0.782946065208,-3.10473762906
8,s6,extra,15.0,-3.6586090531,-1.12923450115,-3.88183336659,-0.99216852619,-3.3936516369
9,s6,extra,30.0,-3.82404038445,-1.43648112755,-3.98441318331,-1.17710786958,-3.48340223464
10,s6,extra,45.0,-3.81576731196,-1.65866127183,-4.01115953722,-1.2703472071,-3.39785612075
11,s6,extra,60.0,-3.72224876531,-1.77532234001,-3.92415138285,-1.3493608277,-3.26138488007
12,s6,extra,75.0,-3.52782139524,-1.78728209936,-3.69353909536,-1.32065162823,-3.09437953183
13,s6,extra,90.0,-3.28327923286,-1.73075699808,-3.47700066714,-1.27169964008,-2.86513674828
14,s6,ortho,0.0,-3.41048073488,-0.952809992229,-3.66276291775,-0.782946065208,-3.10473762906
15,s6,ortho,15.0,-3.25912873249,-0.876856051438,-3.49221302772,-0.655833212217,-2.98086256158
16,s6,ortho,30.0,-3.11327613097,-0.772446307197,-3.3159298865,-0.644737897153,-2.65827007322
17,s6,ortho,45.0,-2.83572487632,-0.84578426988,-3.07936619087,-0.778209239439,-2.28096551854
18,s6,ortho,60.0,-2.18829485749,-0.626199859337,-2.50483562894,-0.654059641965,-1.81166231522
19,s6,ortho,75.0,-2.13027793614,-0.682275067725,-2.4955102442,-0.772225682596,-1.55614228118
20,s6,ortho,90.0,-2.21961193993,-0.736852212469,-2.60502161053,-0.789216852562,-1.5988045087
0,s7,inter,0.0,-2.53864775084,-0.66681519096,-2.74509706543,-0.164806134227,-1.80462998487
1,s7,inter,15.0,-2.74715640235,-0.615967593676,-2.91293128545,-0.181250787887,-1.90091266701
2,s7,inter,30.0,-2.91242732692,-0.683944259846,-3.03680041041,-0.292772040439,-2.0853112681
3,s7,inter,45.0,-3.07498190923,-0.66902962004,-3.19805906904,-0.372935263352,-2.25474062206
4,s7,inter,60.0,-3.09169729056,-0.536187877484,-3.24655640531,-0.328763091824,-2.27573878627
5,s7,inter,75.0,-3.20726936022,-0.482794608648,-3.36630233817,-0.275905133686,-2.45733479534
6,s7,inter,90.0,-3.32476963061,-0.535689277609,-3.47511930307,-0.265997388501,-2.70218864306
7,s7,extra,0.0,-2.53864775084,-0.66681519096,-2.74509706543,-0.164806134227,-1.80462998487
8,s7,extra,15.0,-2.7862933507,-0.865578279092,-2.96661883131,-0.295108155286,-2.00686871214
9,s7,extra,30.0,-3.19814720907,-1.20068445875,-3.39031807293,-0.584910662827,-2.49942487663
10,s7,extra,45.0,-3.29707323495,-1.37337618393,-3.4864049864,-0.737600208775,-2.61105101019
11,s7,extra,60.0,-3.13522006765,-1.31176705312,-3.31083242784,-0.77584686431,-2.50987730333
12,s7,extra,75.0,-3.11779967133,-1.36779237109,-3.29220805687,-0.725876179467,-2.41739240055
13,s7,extra,90.0,-3.2445584127,-1.4147719303,-3.38981314467,-0.668370727297,-2.45367376295
14,s7,ortho,0.0,-2.53864775084,-0.66681519096,-2.74509706543,-0.164806134227,-1.80462998487
15,s7,ortho,15.0,-2.97860653876,-0.832527702122,-3.19330057936,-0.159996888642,-2.23319525857
16,s7,ortho,30.0,-3.32034583212,-0.966120617046,-3.54501498463,-0.175359328994,-2.59009785812
17,s7,ortho,45.0,-3.43784389953,-1.22179327774,-3.69503969143,-0.695344474315,-2.70179912082
18,s7,ortho,60.0,-3.42328557659,-1.15060224257,-3.56492864849,-0.227647716377,-2.7808974664
19,s7,ortho,75.0,-3.33086202766,-1.04824395874,-3.44622950476,-0.169344422988,-2.72847796341
20,s7,ortho,90.0,-3.14052868953,-0.878079018619,-3.24281434287,-0.199323220603,-2.56571246296
0,s8,inter,0.0,-3.10388390197,-0.2499818199,-3.09989711204,-0.0778726312933,-1.50724965825
1,s8,inter,15.0,-3.23829128674,-0.255753585359,-3.22780009313,-0.10728621137,-1.70547967181
2,s8,inter,30.0,-3.54629883592,-0.307641815732,-3.52909954407,-0.12324800246,-2.15273411369
3,s8,inter,45.0,-3.82009028242,-0.354070176615,-3.79919401487,-0.133395798947,-2.49108540675
4,s8,inter,60.0,-4.01049698359,-0.362238200427,-3.98392478053,-0.115996795806,-2.74676227217
5,s8,inter,75.0,-4.06850611545,-0.395307416405,-4.03136578521,-0.0977173245448,-2.89831382967
6,s8,inter,90.0,-3.98257845983,-0.490653324395,-3.93059040727,-0.148334962239,-2.90675208794
7,s8,extra,0.0,-3.10388390197,-0.2499818199,-3.09989711204,-0.0778726312933,-1.50724965825
8,s8,extra,15.0,-3.13485077027,-0.331387723493,-3.12739041045,-0.118664403526,-1.67111280535
9,s8,extra,30.0,-3.20149441593,-0.419136220034,-3.1827822294,-0.154092418627,-1.83136792752
10,s8,extra,45.0,-3.29334737115,-0.528457184873,-3.27496127112,-0.173563029369,-2.00793422373
11,s8,extra,60.0,-3.44839841408,-0.647739530499,-3.40518527961,-0.216103928808,-2.21170155719
12,s8,extra,75.0,-3.59092953238,-0.761271884742,-3.52928506286,-0.235372728797,-2.37766330411
13,s8,extra,90.0,-3.70105695698,-0.872077805541,-3.6295524403,-0.275692411029,-2.49102672953
14,s8,ortho,0.0,-3.10388390197,-0.2499818199,-3.09989711204,-0.0778726312933,-1.50724965825
15,s8,ortho,15.0,-3.3798146306,-0.368958200584,-3.36772967721,-0.106471796345,-2.18805469173
16,s8,ortho,30.0,-3.57310160114,-0.500635154295,-3.5425345057,-0.180073202559,-2.4042898888
17,s8,ortho,45.0,-3.92321340156,-0.950367144751,-3.87373465907,-0.268980585181,-2.85480469351
18,s8,ortho,60.0,-4.29757038146,-0.987552313326,-4.2553400578,-0.430116299934,-2.96944262369
19,s8,ortho,75.0,-4.59601992075,-1.31294731455,-4.54247738311,-0.682336005477,-3.29570185263
20,s8,ortho,90.0,-4.57547980347,-1.39128080925,-4.52559277707,-0.722796154459,-3.032132333
0,s9,inter,0.0,-3.83592509728,-0.291449142418,-3.84724897717,-0.14019346043,-2.42583450272
1,s9,inter,15.0,-3.80728781878,-0.272316710565,-3.82655565025,-0.115417640634,-2.39775786207
2,s9,inter,30.0,-3.76350589647,-0.275763233842,-3.77679032282,-0.110082220772,-2.33919867985
3,s9,inter,45.0,-3.71604114089,-0.283211612884,-3.72176087172,-0.130460812062,-2.2675964319
4,s9,inter,60.0,-3.70806677918,-0.321355262987,-3.70552747687,-0.182205483196,-2.37795576772
5,s9,inter,75.0,-3.66109088122,-0.362914184394,-3.65429915222,-0.237887846088,-2.41228390683
6,s9,inter,90.0,-3.56457146075,-0.410480608171,-3.54904862169,-0.278512896666,-2.40813717767
7,s9,extra,0.0,-3.83592509728,-0.291449142418,-3.84724897717,-0.14019346043,-2.42583450272
8,s9,extra,15.0,-3.87361832728,-0.348873073095,-3.86762427682,-0.166538502415,-2.47537691878
9,s9,extra,30.0,-3.91158365312,-0.442812919437,-3.89114554674,-0.200972656511,-2.53987839563
10,s9,extra,45.0,-3.94162518897,-0.511380655106,-3.90939893124,-0.224043947968,-2.61393478552
11,s9,extra,60.0,-3.99233793808,-0.61204785607,-3.95101756941,-0.268547332755,-2.69292067763
12,s9,extra,75.0,-3.9876531729,-0.719116243068,-3.94134471465,-0.336630597534,-2.6983401818
13,s9,extra,90.0,-3.94282283238,-0.768959253145,-3.9020842323,-0.392754651834,-2.60602316162
14,s9,ortho,0.0,-3.83592509728,-0.291449142418,-3.84724897717,-0.14019346043,-2.42583450272
15,s9,ortho,15.0,-3.84245809289,-0.323569945575,-3.86149666324,-0.137621720217,-2.38463232532
16,s9,ortho,30.0,-3.88347765358,-0.41320709428,-3.9018833559,-0.224732389597,-2.41035130609
17,s9,ortho,45.0,-3.82038087568,-0.579519521993,-3.85283735307,-0.566040419906,-2.2809835849
18,s9,ortho,60.0,-3.58036901034,-0.638510300908,-3.59182172056,-0.477538873119,-2.04254998312
19,s9,ortho,75.0,-3.43716454519,-0.746675232271,-3.45361913472,-0.557545639472,-1.92597041903
20,s9,ortho,90.0,-2.99689366717,-0.608164009097,-3.00522137925,-0.368495735962,-1.41638709531
0,s10,inter,0.0,-4.4667925392,-0.410618748852,-4.47245408387,-0.284701350194,-3.10910526751
1,s10,inter,15.0,-4.49594996147,-0.420315130129,-4.50457808875,-0.249446068263,-3.1375487898
2,s10,inter,30.0,-4.45483615497,-0.425533480506,-4.46546797614,-0.242651391426,-3.10832958646
3,s10,inter,45.0,-4.40589582419,-0.418436870506,-4.42497489723,-0.239414299131,-3.09911399425
4,s10,inter,60.0,-4.3042870409,-0.405883938735,-4.31729907578,-0.232686598818,-3.11243622368
5,s10,inter,75.0,-4.16048305219,-0.420553826442,-4.15667548771,-0.256733092539,-3.1270251163
6,s10,inter,90.0,-4.12199245622,-0.469362969915,-4.1192652646,-0.293342610815,-3.07558936501
7,s10,extra,0.0,-4.4667925392,-0.410618748852,-4.47245408387,-0.284701350194,-3.10910526751
8,s10,extra,15.0,-4.42189688608,-0.431085889483,-4.41309312697,-0.315023729147,-3.05581314015
9,s10,extra,30.0,-4.38102461327,-0.480784689929,-4.36385133509,-0.350492429691,-2.98981455792
10,s10,extra,45.0,-4.33430734208,-0.540972234698,-4.30862006668,-0.377181601922,-2.93838316946
11,s10,extra,60.0,-4.20139663883,-0.601883305849,-4.16673124182,-0.420426907735,-2.8268654725
12,s10,extra,75.0,-4.02009152724,-0.607816166875,-4.00162123309,-0.430419614059,-2.69846464748
13,s10,extra,90.0,-3.59439209708,-0.453662322782,-3.58759223187,-0.335470148458,-2.27344714547
14,s10,ortho,0.0,-4.4667925392,-0.410618748852,-4.47245408387,-0.284701350194,-3.10910526751
15,s10,ortho,15.0,-4.52155289132,-0.446166267733,-4.51720291529,-0.282416642591,-3.16721463582
16,s10,ortho,30.0,-4.54036295609,-0.510029955244,-4.53346728959,-0.351927545206,-3.12046331852
17,s10,ortho,45.0,-4.53275393012,-0.664766203934,-4.54119281406,-0.552427120005,-2.91003349615
18,s10,ortho,60.0,-4.31594147571,-0.585465543601,-4.33330941124,-0.447638320866,-2.79691633059
19,s10,ortho,75.0,-4.34200115009,-0.826952636443,-4.35226631704,-0.635582468675,-2.84959112661
20,s10,ortho,90.0,-4.49817594814,-1.06260507696,-4.50374578659,-0.813627370538,-2.95233787522
0,s11,inter,0.0,-3.20485018887,-0.61083556218,-3.20436158191,-0.41789708759,-2.05459386387
1,s11,inter,15.0,-3.10334098272,-0.534622947434,-3.12778328303,-0.373096683239,-1.97756523116
2,s11,inter,30.0,-3.10490593938,-0.626966291743,-3.12794144802,-0.54222775793,-1.78660573559
3,s11,inter,45.0,-3.08301006551,-0.60765405799,-3.08428035048,-0.560916404823,-1.81950757407
4,s11,inter,60.0,-3.08582458964,-0.533303266524,-3.08522822514,-0.393580353183,-2.03437090023
5,s11,inter,75.0,-3.11416356409,-0.557321799505,-3.10167295913,-0.443488642676,-2.15336472573
6,s11,inter,90.0,-3.18300250808,-0.712333793553,-3.17361313881,-0.67465648452,-2.18763224644
7,s11,extra,0.0,-3.20485018887,-0.61083556218,-3.20436158191,-0.41789708759,-2.05459386387
8,s11,extra,15.0,-3.55515360622,-0.998461942521,-3.54592800619,-0.835706755116,-2.53623667887
9,s11,extra,30.0,-3.76913235286,-1.57382071888,-3.7720630137,-1.45652115,-2.70916554428
10,s11,extra,45.0,-3.96557666171,-1.98485270285,-3.98275409472,-1.95038920699,-2.85270088519
11,s11,extra,60.0,-4.15248371269,-2.29501223202,-4.15271612393,-2.35269503909,-3.03916666218
12,s11,extra,75.0,-4.25041611022,-2.50253436906,-4.2353872571,-2.58626507425,-3.18392809386
13,s11,extra,90.0,-4.21488035477,-2.54847613986,-4.21968456098,-2.72787169205,-3.18969333818
14,s11,ortho,0.0,-3.20485018887,-0.61083556218,-3.20436158191,-0.41789708759,-2.05459386387
15,s11,ortho,15.0,-3.62049886398,-1.15322910901,-3.65805773598,-0.941160281962,-2.54052961101
16,s11,ortho,30.0,-3.82057744157,-1.54770131379,-3.83968819351,-1.37084157695,-2.60517246673
17,s11,ortho,45.0,-4.10502323642,-1.88794035231,-4.11571697675,-1.56985571565,-2.74874386349
18,s11,ortho,60.0,-4.06912431184,-2.08517568016,-4.06730673094,-1.66194886036,-2.77967898657
19,s11,ortho,75.0,-4.12561993765,-2.31588180677,-4.10965878499,-1.95360052237,-2.79236806698
20,s11,ortho,90.0,-4.12045738792,-2.44073592838,-4.0855744511,-2.16516330213,-2.75186459642
0,s12,inter,0.0,-4.02448431143,-0.458593399477,-4.29142452343,-0.178654916534,-2.33399358877
1,s12,inter,15.0,-4.26658866059,-0.483585797619,-4.52037740998,-0.196071167951,-2.52354067943
2,s12,inter,30.0,-4.50404324166,-0.511530362287,-4.754112747,-0.269771312684,-2.81541564824
3,s12,inter,45.0,-4.75542079051,-0.540603526657,-4.98668116578,-0.300892144074,-3.16422749785
4,s12,inter,60.0,-4.8887563587,-0.564870223185,-5.09445358388,-0.288965947301,-3.41197574931
5,s12,inter,75.0,-4.98395954772,-0.593809651956,-5.16795786224,-0.291580682737,-3.63059616707
6,s12,inter,90.0,-5.13539444989,-0.638146231004,-5.28207786966,-0.292462652865,-3.90320568927
7,s12,extra,0.0,-4.02448431143,-0.458593399477,-4.29142452343,-0.178654916534,-2.33399358877
8,s12,extra,15.0,-3.87509407176,-0.467167001255,-4.14642939847,-0.227146117905,-2.26800044566
9,s12,extra,30.0,-3.92095765928,-0.486654301986,-4.18037177181,-0.232204655592,-2.3483897095
10,s12,extra,45.0,-4.3247585594,-0.791773081235,-4.51230607127,-0.501419353929,-2.90004099283
11,s12,extra,60.0,-4.76866448033,-0.975838507529,-4.81815671458,-0.719789284763,-3.40444578686
12,s12,extra,75.0,-5.17815458421,-1.21587469995,-5.12994594745,-0.927567148456,-3.9677596931
13,s12,extra,90.0,-5.5413518898,-1.4099497628,-5.50127492859,-1.13014935999,-4.38682169666
14,s12,ortho,0.0,-4.02448431143,-0.458593399477,-4.29142452343,-0.178654916534,-2.33399358877
15,s12,ortho,15.0,-4.17901612941,-0.496587832088,-4.43130102546,-0.258263235525,-2.64070261454
16,s12,ortho,30.0,-4.52657682083,-0.695033056187,-4.76566513876,-0.520002288472,-3.13361322563
17,s12,ortho,45.0,-5.11066954352,-1.44426314026,-5.32222906357,-0.845213337074,-3.71347257277
18,s12,ortho,60.0,-5.53656980261,-1.16895859139,-5.73035589709,-0.856251033396,-4.27052804231
19,s12,ortho,75.0,-5.39913016355,-1.26810481301,-5.59819001406,-0.881351530084,-4.24702023016
20,s12,ortho,90.0,-5.27082924223,-1.29320092199,-5.49550661259,-0.885301396248,-4.18222083135
0,s13,inter,0.0,-4.0633388641,-0.260397696986,-3.98681707383,-0.145302328629,-2.23270243135
1,s13,inter,15.0,-4.01169162705,-0.303080432699,-3.93539956344,-0.172320436747,-2.2693508868
2,s13,inter,30.0,-4.08708748306,-0.40780958215,-3.98710529109,-0.197856405165,-2.44919788009
3,s13,inter,45.0,-4.14776906035,-0.390212869726,-4.03957861874,-0.179272392218,-2.52019640413
4,s13,inter,60.0,-4.14870092726,-0.371397151234,-4.03917322239,-0.154975152403,-2.616281029
5,s13,inter,75.0,-4.15131829357,-0.408734086254,-4.03794071603,-0.155126237193,-2.76112008837
6,s13,inter,90.0,-4.22276072319,-0.481654534629,-4.09235408765,-0.170805491147,-3.0154057288
7,s13,extra,0.0,-4.0633388641,-0.260397696986,-3.98681707383,-0.145302328629,-2.23270243135
8,s13,extra,15.0,-4.38626821425,-0.352527945497,-4.29513509034,-0.238321786732,-2.69069028948
9,s13,extra,30.0,-4.67471889371,-0.528432537476,-4.57501376527,-0.295926212888,-3.08427488255
10,s13,extra,45.0,-4.76780546644,-0.732928580604,-4.65670354953,-0.337774717374,-3.26010976028
11,s13,extra,60.0,-4.7140336084,-0.851614274598,-4.59683876799,-0.356340818237,-3.32965476884
12,s13,extra,75.0,-4.66043104518,-0.955999600493,-4.5430660469,-0.3777839979,-3.34685317408
13,s13,extra,90.0,-4.66753041438,-1.09497006041,-4.54276995995,-0.414284437492,-3.40725354894
14,s13,ortho,0.0,-4.0633388641,-0.260397696986,-3.98681707383,-0.145302328629,-2.23270243135
15,s13,ortho,15.0,-4.2363773998,-0.419296795311,-4.1562985246,-0.134378132429,-2.42264179265
16,s13,ortho,30.0,-4.66601551704,-0.684539411077,-4.56891790223,-0.197995647514,-2.92706901587
17,s13,ortho,45.0,-5.06651963486,-1.03346760207,-4.95180698583,-0.289046734876,-3.35615073759
18,s13,ortho,60.0,-5.16336196091,-1.19309928998,-5.0357646965,-0.331403660686,-3.6414684252
19,s13,ortho,75.0,-5.20755100083,-1.14148366395,-5.06133257586,-0.377815934462,-3.73124946668
20,s13,ortho,90.0,-5.02366726753,-1.05852200321,-4.85926573067,-0.426778790928,-3.55076409666
0,s14,inter,0.0,-3.43673631802,-0.391292332791,-3.52549754421,-0.187415407775,-2.23955744231
1,s14,inter,15.0,-3.54974415766,-0.403239448119,-3.62037723814,-0.156795430929,-2.37034166216
2,s14,inter,30.0,-3.65266051369,-0.410995820881,-3.724034407,-0.163044393045,-2.44508307457
3,s14,inter,45.0,-3.76847904637,-0.450017607562,-3.82115804448,-0.171013539619,-2.72486142424
4,s14,inter,60.0,-3.94483500936,-0.50474070329,-3.95277431867,-0.169668908307,-2.99356853596
5,s14,inter,75.0,-4.12698051215,-0.574380410882,-4.14349686898,-0.186413061686,-3.27605232292
6,s14,inter,90.0,-4.22628579401,-0.616488883147,-4.23439950762,-0.197949900577,-3.43254683632
7,s14,extra,0.0,-3.43673631802,-0.391292332791,-3.52549754421,-0.187415407775,-2.23955744231
8,s14,extra,15.0,-3.23722914063,-0.357487027788,-3.3139883054,-0.168994865549,-2.10848867729
9,s14,extra,30.0,-3.09465206002,-0.365331290477,-3.16889350128,-0.159690656368,-2.09882448201
10,s14,extra,45.0,-3.05252138647,-0.390681865987,-3.0967088656,-0.142507937787,-2.14977319116
11,s14,extra,60.0,-3.05337784783,-0.400516016023,-3.0811038119,-0.111005963992,-2.20561521216
12,s14,extra,75.0,-3.10022366819,-0.441901542131,-3.12964518149,-0.0935003100401,-2.27372432955
13,s14,extra,90.0,-3.24941246113,-0.504014436554,-3.25624990139,-0.101199015983,-2.4400663349
14,s14,ortho,0.0,-3.43673631802,-0.391292332791,-3.52549754421,-0.187415407775,-2.23955744231
15,s14,ortho,15.0,-3.7229826858,-0.461083556815,-3.80986007364,-0.211016152223,-2.47665601702
16,s14,ortho,30.0,-4.02192137344,-0.572341490262,-4.07230397207,-0.226797066883,-2.90287139552
17,s14,ortho,45.0,-4.33515219007,-0.752138920532,-4.36178378961,-0.246183364179,-3.26827323691
18,s14,ortho,60.0,-4.63955752201,-0.853450086181,-4.63882702903,-0.294533052701,-3.55762333591
19,s14,ortho,75.0,-4.5522866985,-0.905957699906,-4.55550448445,-0.299993871031,-3.58487718844
20,s14,ortho,90.0,-4.30651869286,-0.901057165983,-4.31783002299,-0.283205145514,-3.34424327707
0,s15,inter,0.0,-3.2424377076,-0.2901273408,-3.29895448023,-0.109293387556,-1.64433340617
1,s15,inter,15.0,-3.54882163455,-0.305014685942,-3.59673389891,-0.121948670783,-1.98309461339
2,s15,inter,30.0,-3.89779196156,-0.340919230393,-3.93584245172,-0.145847875779,-2.42970873737
3,s15,inter,45.0,-4.23465879196,-0.379937625946,-4.26220273512,-0.169038575621,-2.91182489098
4,s15,inter,60.0,-4.58417725595,-0.433020684741,-4.59783183866,-0.237745932463,-3.44217487966
5,s15,inter,75.0,-4.80823809369,-0.504418112868,-4.80534172099,-0.269678372791,-3.81410238611
6,s15,inter,90.0,-4.88391279329,-0.59654863011,-4.86273844555,-0.293600604538,-4.04210479878
7,s15,extra,0.0,-3.2424377076,-0.2901273408,-3.29895448023,-0.109293387556,-1.64433340617
8,s15,extra,15.0,-3.2816371283,-0.275675227117,-3.3615513987,-0.0878137412972,-1.84306637564
9,s15,extra,30.0,-3.39474132615,-0.307361858481,-3.46089147382,-0.124996774804,-1.88073361999
10,s15,extra,45.0,-3.56418324986,-0.402081520946,-3.62433907719,-0.16260059283,-2.15446619706
11,s15,extra,60.0,-3.76456123988,-0.474388892226,-3.81551128569,-0.196927932135,-2.59397820458
12,s15,extra,75.0,-4.1187688735,-0.551160995366,-4.16127242499,-0.236636843982,-3.16580307658
13,s15,extra,90.0,-4.19570015922,-0.546337537388,-4.22249343459,-0.253013931686,-3.33105074104
14,s15,ortho,0.0,-3.2424377076,-0.2901273408,-3.29895448023,-0.109293387556,-1.64433340617
15,s15,ortho,15.0,-3.59806741075,-0.351525329268,-3.63108068035,-0.109515860322,-2.17052027142
16,s15,ortho,30.0,-4.11319099667,-0.417938312535,-4.12380889942,-0.139842648257,-2.95330469451
17,s15,ortho,45.0,-4.57461793629,-0.533880080315,-4.57594383825,-0.161657707723,-3.53242218697
18,s15,ortho,60.0,-4.55381583461,-0.565045119984,-4.53754561691,-0.177788503049,-3.64044611912
19,s15,ortho,75.0,-4.43634956361,-0.639402779161,-4.41869630761,-0.198516710936,-3.51251155993
20,s15,ortho,90.0,-4.28083349143,-0.69991656805,-4.25945546975,-0.224095143978,-3.30505371132
0,s16,inter,0.0,-4.79786807569,-0.498712517719,-4.67706029578,-0.196319529717,-3.6614194517
1,s16,inter,15.0,-4.63968904505,-0.415485640502,-4.5044801384,-0.128067949657,-3.58329845771
2,s16,inter,30.0,-4.39972095483,-0.435305522934,-4.27734757099,-0.158424839569,-3.15545220589
3,s16,inter,45.0,-4.19707699357,-0.399835716432,-4.07995595244,-0.172136963125,-2.86407982782
4,s16,inter,60.0,-4.23788992898,-0.439590049377,-4.12329556881,-0.221408442305,-2.89712544762
5,s16,inter,75.0,-4.21642506723,-0.506997679599,-4.08469180215,-0.264303237627,-2.91312315109
6,s16,inter,90.0,-4.09795329395,-0.557639057331,-3.9567462066,-0.261636429627,-2.74445112355
7,s16,extra,0.0,-4.79786807569,-0.498712517719,-4.67706029578,-0.196319529717,-3.6614194517
8,s16,extra,15.0,-4.86324128025,-0.588968268897,-4.74589684719,-0.274675278999,-3.68498111697
9,s16,extra,30.0,-4.90483266703,-0.67131700911,-4.77143630679,-0.325352142384,-3.66881506962
10,s16,extra,45.0,-4.85220538681,-0.741502156234,-4.70999465522,-0.357697710976,-3.595424156
11,s16,extra,60.0,-4.69544158931,-0.779950108762,-4.54494827504,-0.358795601081,-3.45658399279
12,s16,extra,75.0,-4.46761379793,-0.793211810653,-4.29601955024,-0.354434603397,-3.22027830062
13,s16,extra,90.0,-4.24807055301,-0.786183751476,-4.07030760268,-0.324723162341,-2.88543584048
14,s16,ortho,0.0,-4.79786807569,-0.498712517719,-4.67706029578,-0.196319529717,-3.6614194517
15,s16,ortho,15.0,-4.46893685128,-0.462678566151,-4.34018153832,-0.151965594192,-3.0951513882
16,s16,ortho,30.0,-3.96004866912,-0.522101198022,-3.81891593199,-0.128309490843,-2.38661089918
17,s16,ortho,45.0,-3.61085073696,-0.540749091164,-3.46104131124,-0.118279772035,-1.86330917384
18,s16,ortho,60.0,-3.40028030058,-0.593393907383,-3.24026655959,-0.12319262915,-1.59527810912
19,s16,ortho,75.0,-3.36715459105,-0.600811341801,-3.18824345686,-0.112603457657,-1.53209974323
20,s16,ortho,90.0,-3.3770406574,-0.618054093761,-3.20015089428,-0.131392179502,-1.59661544254
0,s17,inter,0.0,-3.09988507479,-0.52530893458,-3.44422787344,-0.185136228232,-2.06745307557
1,s17,inter,15.0,-2.92276634855,-0.448891774423,-3.26567490038,-0.151705220362,-1.90455757421
2,s17,inter,30.0,-2.82580010813,-0.407945711167,-3.16449051303,-0.141126486062,-1.76399924257
3,s17,inter,45.0,-2.81867416328,-0.398573245141,-3.14663266708,-0.130127729742,-1.80535573359
4,s17,inter,60.0,-3.00058076228,-0.444660446049,-3.28178024095,-0.128031291906,-2.16630858024
5,s17,inter,75.0,-3.10980158163,-0.495931979637,-3.37370780591,-0.133827303622,-2.36536668653
6,s17,inter,90.0,-3.25337433002,-0.563671465351,-3.49632013481,-0.156102072301,-2.5678768128
7,s17,extra,0.0,-3.09988507479,-0.52530893458,-3.44422787344,-0.185136228232,-2.06745307557
8,s17,extra,15.0,-3.25658026952,-0.61173792627,-3.59402406857,-0.212916228165,-2.25142886621
9,s17,extra,30.0,-3.39225935584,-0.729222898185,-3.70047796499,-0.234563861107,-2.44752378205
10,s17,extra,45.0,-3.48140580978,-0.7976372701,-3.77320273768,-0.264786729316,-2.56884603453
11,s17,extra,60.0,-3.41043541147,-0.781892110547,-3.71832272261,-0.271423870374,-2.52931660981
12,s17,extra,75.0,-3.41535488678,-0.897134242701,-3.75351764592,-0.388142461754,-2.63291956931
13,s17,extra,90.0,-3.2549886132,-1.01584104674,-3.65798932523,-0.554748319767,-2.65094585586
14,s17,ortho,0.0,-3.09988507479,-0.52530893458,-3.44422787344,-0.185136228232,-2.06745307557
15,s17,ortho,15.0,-2.79989383542,-0.453629463373,-3.19894904295,-0.13241635183,-1.73110370809
16,s17,ortho,30.0,-2.70156864315,-0.495832761552,-3.10860201888,-0.145422075076,-1.71491995956
17,s17,ortho,45.0,-2.89261049205,-0.667539041501,-3.31849142885,-0.232272139024,-1.96575073551
18,s17,ortho,60.0,-3.39887887184,-0.805910905175,-3.77331060748,-0.337137801944,-2.44061703212
19,s17,ortho,75.0,-3.7498850007,-1.09268398359,-4.09120401734,-0.598547482443,-2.7657526104
20,s17,ortho,90.0,-3.94273322374,-1.30171651748,-4.25087160832,-0.826922654146,-2.9274768351
0,s18,inter,0.0,-3.26366194702,-0.561530499022,-3.23596871339,-0.45043554277,-2.37204576189
1,s18,inter,15.0,-3.18696497972,-0.555785830347,-3.14929157545,-0.423209606277,-2.36864261717
2,s18,inter,30.0,-3.17555594479,-0.613077397213,-3.11823536113,-0.409311060182,-2.36562759166
3,s18,inter,45.0,-3.15577739263,-0.6656722851,-3.09754168101,-0.417328432987,-2.38304275478
4,s18,inter,60.0,-3.1001414218,-0.671579634695,-3.04474540685,-0.425518828536,-2.35172506693
5,s18,inter,75.0,-3.0322911608,-0.661727718175,-2.97323998673,-0.476570328902,-2.26763392921
6,s18,inter,90.0,-3.01494479696,-0.619293851818,-2.9629898173,-0.505464880631,-2.12561295281
7,s18,extra,0.0,-3.26366194702,-0.561530499022,-3.23596871339,-0.45043554277,-2.37204576189
8,s18,extra,15.0,-3.33423037605,-0.7346004742,-3.33238413034,-0.527685771187,-2.48998699133
9,s18,extra,30.0,-3.5225286453,-1.12700512121,-3.47022958896,-0.680811365482,-2.66646608852
10,s18,extra,45.0,-3.69664927145,-1.51405366027,-3.64245067006,-0.950109174862,-2.93890486441
11,s18,extra,60.0,-3.79137909856,-1.8139258818,-3.74986721385,-1.13973754689,-3.19399368905
12,s18,extra,75.0,-3.74898076508,-2.02869531744,-3.72122847849,-1.44106927734,-3.3800479951
13,s18,extra,90.0,-3.72073424957,-2.12595599732,-3.68132512493,-1.61389406022,-3.48444779636
14,s18,ortho,0.0,-3.26366194702,-0.561530499022,-3.23596871339,-0.45043554277,-2.37204576189
15,s18,ortho,15.0,-3.51061769403,-0.9081812327,-3.46972996963,-0.660626072375,-2.76730024393
16,s18,ortho,30.0,-3.59189426687,-1.13491198882,-3.57118773993,-0.911211226263,-2.93502544049
17,s18,ortho,45.0,-3.74595626524,-1.49793942464,-3.72395958759,-1.25812842308,-3.13456737925
18,s18,ortho,60.0,-3.81061649406,-1.7160551634,-3.80036836739,-1.53913032017,-3.09541690602
19,s18,ortho,75.0,-3.83513401336,-1.96575085082,-3.77658255794,-1.84158559787,-3.13320684786
20,s18,ortho,90.0,-3.76556352918,-1.93502612476,-3.68977598071,-1.75733880334,-2.94504446676
0,s19,inter,0.0,-4.19086998401,-0.581568627217,-4.30993287457,-0.302262805507,-2.94230806679
1,s19,inter,15.0,-4.10918213383,-0.543898750296,-4.24580519896,-0.211588229042,-2.87556468929
2,s19,inter,30.0,-4.05802589832,-0.54784287654,-4.20558146457,-0.186523440532,-2.87438324549
3,s19,inter,45.0,-4.03472525193,-0.571645442857,-4.19667530643,-0.212549279044,-2.91515448256
4,s19,inter,60.0,-4.05522173292,-0.648313444812,-4.22970239986,-0.258697832013,-2.99988820609
5,s19,inter,75.0,-4.12607415815,-0.826028041093,-4.2774554588,-0.309078445158,-3.1208929327
6,s19,inter,90.0,-4.12377937056,-0.950654139956,-4.25125712605,-0.376999944684,-3.07279396108
7,s19,extra,0.0,-4.19086998401,-0.581568627217,-4.30993287457,-0.302262805507,-2.94230806679
8,s19,extra,15.0,-4.39525212097,-0.682759932933,-4.50738114749,-0.472249495393,-3.15932000199
9,s19,extra,30.0,-4.37792132396,-0.799919920441,-4.51055999125,-0.611170710972,-3.12751869308
10,s19,extra,45.0,-4.17905549914,-0.796584161777,-4.3260688202,-0.709171161346,-2.97763896572
11,s19,extra,60.0,-3.86250009016,-0.731752337175,-4.0621098579,-0.768909531122,-2.71267804813
12,s19,extra,75.0,-3.6117316237,-0.776929166669,-3.88048149546,-0.762105705653,-2.57883442487
13,s19,extra,90.0,-3.40430604664,-0.761888856652,-3.68870631174,-0.797210655046,-2.36600623564
14,s19,ortho,0.0,-4.19086998401,-0.581568627217,-4.30993287457,-0.302262805507,-2.94230806679
15,s19,ortho,15.0,-4.24921514588,-0.558099388221,-4.39368803129,-0.326859663626,-2.97419678613
16,s19,ortho,30.0,-3.9133118683,-0.635537119767,-4.07596492376,-0.368746808028,-2.58291934402
17,s19,ortho,45.0,-3.45504375649,-0.76264001126,-3.6519402786,-0.38414917069,-2.06246785593
18,s19,ortho,60.0,-2.94704193566,-0.42663759969,-3.18449260165,-0.235145200685,-1.43375838024
19,s19,ortho,75.0,-2.501450925,-0.371648225507,-2.71757388191,-0.219342325743,-0.960371852985
20,s19,ortho,90.0,-2.54729623027,-0.545484508862,-2.71595218107,-0.259118233769,-1.23436917909
0,s20,inter,0.0,-4.13319905915,-0.416861552864,-4.23673317942,-0.142415490193,-2.87994320599
1,s20,inter,15.0,-4.15261276953,-0.45493876041,-4.2414635526,-0.144860556919,-3.0224501098
2,s20,inter,30.0,-4.22371977177,-0.472699378097,-4.30605139,-0.13297638532,-3.04547906733
3,s20,inter,45.0,-4.19295576681,-0.467408794047,-4.23310226204,-0.129925960664,-2.91806858631
4,s20,inter,60.0,-3.97649338806,-0.433235817231,-3.97061559223,-0.128924612212,-2.64575823533
5,s20,inter,75.0,-3.82048004,-0.475217113739,-3.78042003216,-0.151093948837,-2.61498638216
6,s20,inter,90.0,-3.76485560492,-0.556398274467,-3.6872180285,-0.193702203272,-2.66585709846
7,s20,extra,0.0,-4.13319905915,-0.416861552864,-4.23673317942,-0.142415490193,-2.87994320599
8,s20,extra,15.0,-4.13966249807,-0.401026382353,-4.231338012,-0.161438438897,-2.72879475894
9,s20,extra,30.0,-4.13300966694,-0.475622698927,-4.2017081266,-0.204447186412,-2.7668939046
10,s20,extra,45.0,-4.12398482493,-0.652970448936,-4.12681550463,-0.264746433878,-2.7731532254
11,s20,extra,60.0,-4.06184393895,-0.785407426107,-4.00595976173,-0.31920613229,-2.67914611654
12,s20,extra,75.0,-4.14313084069,-0.858063697967,-4.07168719206,-0.353105227634,-2.84458689885
13,s20,extra,90.0,-4.38002562681,-0.993817310116,-4.33305133208,-0.388633096094,-3.10627619097
14,s20,ortho,0.0,-4.13319905915,-0.416861552864,-4.23673317942,-0.142415490193,-2.87994320599
15,s20,ortho,15.0,-4.41485386448,-0.546498608633,-4.47793093531,-0.164976993315,-2.94947706722
16,s20,ortho,30.0,-4.45392170111,-0.695165374399,-4.48392591619,-0.263011232382,-2.8197829984
17,s20,ortho,45.0,-4.87068330351,-0.824148362056,-4.87334105221,-0.33598712534,-3.17701946042
18,s20,ortho,60.0,-4.87780071349,-0.899449478597,-4.83692067927,-0.416209632003,-3.3127528633
19,s20,ortho,75.0,-4.93106091493,-1.00083544418,-4.90030368859,-0.439512306535,-3.41932660494
20,s20,ortho,90.0,-4.80281963589,-1.06259227369,-4.80586085107,-0.452645662702,-3.30062201417
